{"proxies":{"ti.bottomsheet.TiBottomsheetModule":{"superPackageName":"org.appcelerator.kroll","superProxyBindingClassName":"org.appcelerator.kroll.KrollModuleBindingGen","proxyClassName":"TiBottomsheetModule","proxyAttrs":{"propertyAccessors":[],"fullAPIName":"TiBottomsheet","name":"TiBottomsheet","proxyClassName":"ti.bottomsheet.TiBottomsheetModule","isTopLevel":false,"id":"ti.bottomsheet"},"packageName":"ti.bottomsheet","sourceName":"ti.bottomsheet.TiBottomsheetModuleBindingGen","constants":{"SHEET_STATE_EXPANDED":{"proxyName":"SHEET_STATE_EXPANDED","name":"SHEET_STATE_EXPANDED","type":"int","value":3},"SHEET_STATE_HIDDEN":{"proxyName":"SHEET_STATE_HIDDEN","name":"SHEET_STATE_HIDDEN","type":"int","value":5},"SHEET_STATE_HALF_EXPANDED":{"proxyName":"SHEET_STATE_HALF_EXPANDED","name":"SHEET_STATE_HALF_EXPANDED","type":"int","value":6},"SHEET_STATE_COLLAPSED":{"proxyName":"SHEET_STATE_COLLAPSED","name":"SHEET_STATE_COLLAPSED","type":"int","value":4}},"superProxyClassName":"KrollModule","isModule":true,"genClassName":"TiBottomsheetModuleBindingGen"},"ti.bottomsheet.DialogProxy":{"superPackageName":"org.appcelerator.kroll","methods":{"hide":{"runOnUiThread":false,"hasInvocation":false,"args":[],"apiName":"hide","converter":"org.appcelerator.kroll.KrollConverter","defaultValueProvider":"org.appcelerator.kroll.KrollConverter","name":"__default_name__","returnType":"void"},"show":{"runOnUiThread":false,"hasInvocation":false,"args":[],"apiName":"show","converter":"org.appcelerator.kroll.KrollConverter","defaultValueProvider":"org.appcelerator.kroll.KrollConverter","name":"__default_name__","returnType":"void"}},"superProxyBindingClassName":"org.appcelerator.kroll.KrollProxyBindingGen","proxyClassName":"DialogProxy","proxyAttrs":{"propertyAccessors":["cancelable","canceledOnTouchOutside","backgroundColor"],"fullAPIName":"TiBottomsheet.Dialog","name":"Dialog","proxyClassName":"ti.bottomsheet.DialogProxy","isTopLevel":false,"id":"ti.bottomsheet.DialogProxy","creatableInModule":"ti.bottomsheet.TiBottomsheetModule","parentModule":"org.appcelerator.kroll.annotations.Kroll.DEFAULT"},"packageName":"ti.bottomsheet","sourceName":"ti.bottomsheet.DialogProxyBindingGen","superProxyClassName":"KrollProxy","isModule":false,"genClassName":"DialogProxyBindingGen"}},"modules":{"ti.bottomsheet.TiBottomsheetModule":{"apiName":"TiBottomsheet","createProxies":[{"propertyAccessors":["cancelable","canceledOnTouchOutside","backgroundColor"],"fullAPIName":"TiBottomsheet.Dialog","name":"Dialog","proxyClassName":"ti.bottomsheet.DialogProxy","isTopLevel":false,"id":"ti.bottomsheet.DialogProxy","creatableInModule":"ti.bottomsheet.TiBottomsheetModule","parentModule":"org.appcelerator.kroll.annotations.Kroll.DEFAULT"}]}}}