{"proxies":{"ti.bottomsheet.TitaniumBottomSheetModule":{"superPackageName":"org.appcelerator.kroll","superProxyBindingClassName":"org.appcelerator.kroll.KrollModuleBindingGen","proxyClassName":"TitaniumBottomSheetModule","proxyAttrs":{"propertyAccessors":[],"fullAPIName":"TitaniumBottomSheet","name":"TitaniumBottomSheet","proxyClassName":"ti.bottomsheet.TitaniumBottomSheetModule","isTopLevel":false,"id":"ti.bottomsheet"},"packageName":"ti.bottomsheet","sourceName":"ti.bottomsheet.TitaniumBottomSheetModuleBindingGen","superProxyClassName":"KrollModule","isModule":true,"genClassName":"TitaniumBottomSheetModuleBindingGen"},"ti.bottomsheet.DialogProxy":{"superPackageName":"org.appcelerator.kroll","methods":{"hide":{"runOnUiThread":false,"hasInvocation":false,"args":[],"apiName":"hide","converter":"org.appcelerator.kroll.KrollConverter","defaultValueProvider":"org.appcelerator.kroll.KrollConverter","name":"__default_name__","returnType":"void"},"show":{"runOnUiThread":false,"hasInvocation":false,"args":[],"apiName":"show","converter":"org.appcelerator.kroll.KrollConverter","defaultValueProvider":"org.appcelerator.kroll.KrollConverter","name":"__default_name__","returnType":"void"}},"superProxyBindingClassName":"org.appcelerator.kroll.KrollProxyBindingGen","proxyClassName":"DialogProxy","proxyAttrs":{"propertyAccessors":["cancelable","canceledOnTouchOutside","backgroundColor"],"fullAPIName":"TitaniumBottomSheet.Dialog","name":"Dialog","proxyClassName":"ti.bottomsheet.DialogProxy","isTopLevel":false,"id":"ti.bottomsheet.DialogProxy","creatableInModule":"ti.bottomsheet.TitaniumBottomSheetModule","parentModule":"org.appcelerator.kroll.annotations.Kroll.DEFAULT"},"packageName":"ti.bottomsheet","sourceName":"ti.bottomsheet.DialogProxyBindingGen","superProxyClassName":"KrollProxy","isModule":false,"genClassName":"DialogProxyBindingGen"}},"modules":{"ti.bottomsheet.TitaniumBottomSheetModule":{"apiName":"TitaniumBottomSheet","createProxies":[{"propertyAccessors":["cancelable","canceledOnTouchOutside","backgroundColor"],"fullAPIName":"TitaniumBottomSheet.Dialog","name":"Dialog","proxyClassName":"ti.bottomsheet.DialogProxy","isTopLevel":false,"id":"ti.bottomsheet.DialogProxy","creatableInModule":"ti.bottomsheet.TitaniumBottomSheetModule","parentModule":"org.appcelerator.kroll.annotations.Kroll.DEFAULT"}]}}}